2018-07-27 14:51:47,b'WeWork Competitor #Knotel Pushes For #Blockchain With 42Floors Acquisition via @forbes https://t.co/vCQtanod3h'
2018-07-27 09:42:43,"b'Have you heard of #Knotel? It might be the new #WeWork, read more at: https://t.co/iC5DI1Ngsk'"
2018-07-26 21:40:14,b'#Knotel #Blockchain for building data! https://t.co/As4TdplERH'
2018-07-26 21:07:55,"b'RT @eshender: Knotel has now officially launched Baya, a blockchain platform for mapping building data https://t.co/Ff7d9fMuxX #knotel #bay\xe2\x80\xa6'"
2018-07-26 20:36:58,"b'RT @eshender: Knotel has now officially launched Baya, a blockchain platform for mapping building data https://t.co/Ff7d9fMuxX #knotel #bay\xe2\x80\xa6'"
2018-07-26 20:30:04,"b'RT @eshender: Knotel has now officially launched Baya, a blockchain platform for mapping building data https://t.co/Ff7d9fMuxX #knotel #bay\xe2\x80\xa6'"
2018-07-26 20:26:21,"b'RT @eshender: Knotel has now officially launched Baya, a blockchain platform for mapping building data https://t.co/Ff7d9fMuxX #knotel #bay\xe2\x80\xa6'"
2018-07-26 19:38:47,"b'Knotel has now officially launched Baya, a blockchain platform for mapping building data https://t.co/Ff7d9fMuxX #knotel #baya #blockchain'"
2018-07-23 22:56:29,b'#Knotel Snaps Up #42Floors To Facilitate Its Blockchain Dream https://t.co/QNES8cez6w'
2018-07-21 14:41:03,b'#knotel #acquires #42floors for a #commercial #property #blockchain #project \n#bitcoin #crypto #trx\xe2\x80\xa6 https://t.co/bX708hb51Y'
2018-07-28 15:09:41,b'WeWork Competitor Knotel Pushes For Blockchain With 42Floors Acquisition https://t.co/wPNUrOdM0m https://t.co/X7QiDqXfed'
2018-07-28 14:14:12,b'WeWork Competitor Knotel Pushes For Blockchain With 42Floors Acquisition https://t.co/G6YRSkj0sJ https://t.co/6J0MELcapb'
2018-07-28 11:06:04,b'WeWork Competitor Knotel Pushes For Blockchain With 42Floors Acquisition https://t.co/8WgaSpjm1n https://t.co/gx6MH7k6dV'
2018-07-28 08:45:58,b'WeWork Competitor Knotel Pushes For Blockchain With 42Floors Acquisition via @forbes https://t.co/uppPHpERDz'
2018-07-28 07:58:31,b'RT @WorkChainCenter: Distributed Work Spaces for the Tech Community\nWe Work + Knotel + Technology Blockchain = Workchaincenters\nhttps://t.c\xe2\x80\xa6'
2018-07-28 07:54:16,b'WeWork Competitor Knotel Pushes For Blockchain With 42Floors Acquisition https://t.co/dP1LGyFSVx https://t.co/FaWVh8sWlC'
2018-07-28 06:44:05,"b'RT @BrandonGWeber: ""The acquisition would enable the company to bring new properties onto its platform and let non-blockchain-based contrac\xe2\x80\xa6'"
2018-07-28 04:47:07,b'WeWork Competitor Knotel Pushes For Blockchain With 42Floors Acquisition https://t.co/JEKr4TlEbd https://t.co/ICgvdWgA1F'
2018-07-28 03:42:19,b'WeWork Competitor Knotel Pushes For Blockchain With 42Floors\xc2\xa0Acquisition https://t.co/4bsgQUVVys https://t.co/bjfxAv5Tb5'
2018-07-28 00:31:48,b'WeWork Competitor Knotel Pushes For Blockchain With 42Floors Acquisition https://t.co/ZxzjXSAuDy https://t.co/eCIpHFnrgQ'
2018-07-27 23:52:18,b'Knotel Blog: Why VCs Love Agile Workplaces \xe2\x80\x93 Part III https://t.co/FWhS1ap29I https://t.co/dvnEAFJLXT'
2018-07-27 23:33:06,b'WeWork Competitor Knotel Pushes For Blockchain With 42Floors Acquisition https://t.co/NuMDPnSKE4 https://t.co/Kaw6XqfzBJ'
2018-07-27 22:28:17,"b'""The acquisition would enable the company to bring new properties onto its platform and let non-blockchain-based co\xe2\x80\xa6 https://t.co/8JNMvtFA1a'"
2018-07-27 22:18:50,"b""RT @knotel: In 2018, open office layouts are pervasive, and touted as the most productive work environment. But that doesn't mean they're p\xe2\x80\xa6"""
2018-07-27 20:51:18,b'Knotel Blog: Why VCs Love Agile Workplaces \xe2\x80\x93 Part II https://t.co/Ec3kIjwTz8 https://t.co/3RNO9SPt31'
2018-07-27 20:26:13,b'WeWork Competitor Knotel Pushes For Blockchain With 42Floors Acquisition https://t.co/CK1kWr5xCy https://t.co/yc9ckcj8R7'
2018-07-27 20:05:01,b'WeWork Competitor Knotel Pushes For Blockchain With 42Floors Acquisition https://t.co/2iUT8TCQmn #Blockchain #Cryptocurrency #ChainHype'
2018-07-27 19:53:48,b'Interesting developments in #CREtech &amp; #office rental #blockchain w/ @Knotel acquiring @42Floors - via @techcrunch https://t.co/AHFUfYL1vo'
2018-07-27 19:03:40,b'WeWork Competitor Knotel Pushes For Blockchain With 42Floors Acquisition https://t.co/DkOmEDMJMQ'
2018-07-27 19:01:26,b'RT @news_mainstream: WeWork Competitor Knotel Pushes For Blockchain With 42Floors Acquisition https://t.co/2TgroOy7mm #Blockchain #TechNews\xe2\x80\xa6'
2018-07-27 17:40:56,b'I thought the Blockchain bubble was dead and then Knotel (seemed to me like a legit WeWork competitor) launches the\xe2\x80\xa6 https://t.co/ZE5gQWmgZk'
2018-07-27 16:40:31,b'MUST LISTEN OF THE WEEK: STRATEGIES FROM THE C-SUITE \xe2\x80\x93 GROWING AND SCALING YOUR COMPANY - The development of people\xe2\x80\xa6 https://t.co/6NSyef9E6w'
2018-07-27 16:38:07,b'MUST LISTEN OF THE WEEK: STRATEGIES FROM THE C-SUITE \xe2\x80\x93 GROWING AND SCALING YOUR COMPANY - The development of people\xe2\x80\xa6 https://t.co/oiNbJBoApu'
2018-07-27 16:13:14,b'Join #Blockchain #Innovators and #visionaries from global brands like @Knotel @CapitalOne @AIGinsurance @BoxHQ at t\xe2\x80\xa6 https://t.co/QeW2y8eYaO'
2018-07-27 15:46:32,b'WeWork Competitor Knotel Pushes For Blockchain With 42Floors Acquisition https://t.co/bvJJ0IZ2lB'
2018-07-27 15:30:01,b'@WeWork Competitor @Knotel Pushes For #Blockchain With @42floors Acquisition https://t.co/3vFV4aUyva #PropTech #coworking'
2018-07-27 15:15:16,"b'Time is always in short supply at startups, so employees need to prioritize product and business development above\xe2\x80\xa6 https://t.co/W5gzOEw9HF'"
2018-07-27 15:09:40,b'WeWork Competitor Knotel Pushes For Blockchain With 42Floors Acquisition https://t.co/2HhyyRtofl https://t.co/QpKMVLyyAo'
2018-07-27 14:51:47,b'WeWork Competitor #Knotel Pushes For #Blockchain With 42Floors Acquisition via @forbes https://t.co/vCQtanod3h'
2018-07-27 14:46:31,b'WeWork Competitor Knotel Pushes For #Blockchain With 42Floors Acquisition via @forbes https://t.co/nZksn4Ky8o'
2018-07-27 14:07:14,b'WeWork Competitor Knotel Pushes For Blockchain With 42Floors Acquisition https://t.co/zGFkAACscO https://t.co/bqyXY3uSn1'
2018-07-27 13:31:29,b'WeWork Competitor Knotel Pushes For Blockchain With 42Floors Acquisition via @forbes https://t.co/XRCVTotDYQ'
2018-07-27 12:30:33,b'Knotel acquires 42Floors in order to build the blockchain of property https://t.co/O3DIAc8XZj via @techcrunch'
2018-07-27 11:58:52,b'Retweeted CoverWallet (@CoverWallet):\n\nGreat article in @Forbes by @jennaorwell about @knotel and how they provide\xe2\x80\xa6 https://t.co/UIITrdtrSj'
2018-07-27 11:58:43,b'RT @CoverWallet: Great article in @Forbes by @jennaorwell about @knotel and how they provide high-growth companies like CoverWallet with fl\xe2\x80\xa6'
2018-07-27 11:44:06,b'https://t.co/fucO687XAb WeWork Competitor Knotel Pushes For Blockchain With 42Floors Acquisition https://t.co/RME9ID64OF'
2018-07-27 11:26:59,b'RT @WorkChainCenter: Distributed Work Spaces for the Tech Community\nWe Work + Knotel + Technology Blockchain = Workchaincenters\nhttps://t.c\xe2\x80\xa6'
2018-07-27 11:05:15,b'WeWork Competitor Knotel Pushes For Blockchain With 42Floors Acquisition https://t.co/GZiRrKHUBN https://t.co/F834f9HJrc'
2018-07-27 09:42:43,"b'Have you heard of #Knotel? It might be the new #WeWork, read more at: https://t.co/iC5DI1Ngsk'"
2018-07-27 07:55:03,b'WeWork Competitor Knotel Pushes For Blockchain With 42Floors Acquisition https://t.co/ZsGG9WzTGG https://t.co/kNe4DwiQdu'
2018-07-27 06:56:25,b'RT @news_mainstream: WeWork Competitor Knotel Pushes For Blockchain With 42Floors Acquisition https://t.co/2TgroOy7mm #Blockchain #TechNews\xe2\x80\xa6'
2018-07-27 06:41:19,"b'Associate Director, Real Estate and Business Development, Knotel https://t.co/AbBiebJMQ4'"
2018-07-27 04:44:12,b'WeWork Competitor Knotel Pushes For Blockchain With 42Floors Acquisition https://t.co/5ph6uV3bJk https://t.co/ARR8PoF1Xf'
2018-07-27 04:17:14,b'Nice press on baya: https://t.co/gCJ05kkXG3'
2018-07-27 04:14:02,b'WeWork Competitor Knotel Pushes for Charm Bracelet With 42Floors Acquisition'
2018-07-27 01:42:24,b'https://t.co/c45WnR4VRV - WeWork Competitor Knotel Pushes For Blockchain With 42Floors Acquisition https://t.co/naaP24FCoU'
2018-07-27 00:54:29,"b'RT @inakib: \xe2\x80\x9cWe have had explosive growth in both customers and employees,\xe2\x80\x9d said CEO of @CoverWallet Inaki Berenguer. --\n""WeWork Competitor\xe2\x80\xa6'"
2018-07-27 00:27:11,b'WeWork Competitor Knotel Pushes For Blockchain With 42Floors Acquisition https://t.co/4Ybau2LxAg https://t.co/FefqRE41J4'
2018-07-26 23:24:38,b'WeWork Competitor Knotel Pushes For Blockchain With 42Floors Acquisition https://t.co/dIJfTc4q5u https://t.co/y1rPaJXhn9'
2018-07-26 23:23:06,b'WeWork Competitor Knotel Pushes For Blockchain With 42Floors Acquisition https://t.co/dHdbrdPWXR #blockchain #google #news #blockchain'
2018-07-26 23:11:17,b'WeWork Competitor Knotel Pushes For Blockchain With 42Floors Acquisition https://t.co/qqYRwMn3yM #blockchain\xe2\x80\xa6 https://t.co/tpffVHf5m0'
2018-07-26 23:02:30,"b'Wait, @knotel bought @42floors ?\n@Amol, when is the IPO/ICO?'"
2018-07-26 22:56:10,b'Very interesting (if not entirely unexpected) announcement by @knotel @42floors and @amol today. Thoughts\xe2\x80\xa6? https://t.co/Aji7Jnr95Q'
2018-07-26 22:12:48,"b'CRE = ""A dark market""... technology creates transparency and an improved industry that actually supports the busine\xe2\x80\xa6 https://t.co/JZIsYigjOs'"
2018-07-26 21:40:14,b'#Knotel #Blockchain for building data! https://t.co/As4TdplERH'
2018-07-26 21:22:08,"b'RT @inakib: \xe2\x80\x9cWe have had explosive growth in both customers and employees,\xe2\x80\x9d said CEO of @CoverWallet Inaki Berenguer. --\n""WeWork Competitor\xe2\x80\xa6'"
2018-07-26 21:12:34,b'WeWork Competitor Knotel Pushes For Blockchain With 42Floors Acquisition https://t.co/3tYQik4Kyz https://t.co/GYjFfZw6z3'
2018-07-26 21:07:55,"b'RT @eshender: Knotel has now officially launched Baya, a blockchain platform for mapping building data https://t.co/Ff7d9fMuxX #knotel #bay\xe2\x80\xa6'"
2018-07-26 20:42:18,b'RT @news_mainstream: WeWork Competitor Knotel Pushes For Blockchain With 42Floors Acquisition https://t.co/2TgroOy7mm #Blockchain #TechNews\xe2\x80\xa6'
2018-07-26 20:36:58,"b'RT @eshender: Knotel has now officially launched Baya, a blockchain platform for mapping building data https://t.co/Ff7d9fMuxX #knotel #bay\xe2\x80\xa6'"
2018-07-26 20:36:54,"b'RT @inakib: \xe2\x80\x9cWe have had explosive growth in both customers and employees,\xe2\x80\x9d said CEO of @CoverWallet Inaki Berenguer. --\n""WeWork Competitor\xe2\x80\xa6'"
2018-07-26 20:32:56,b'RT @news_mainstream: WeWork Competitor Knotel Pushes For Blockchain With 42Floors Acquisition https://t.co/2TgroOy7mm #Blockchain #TechNews\xe2\x80\xa6'
2018-07-26 20:30:04,"b'RT @eshender: Knotel has now officially launched Baya, a blockchain platform for mapping building data https://t.co/Ff7d9fMuxX #knotel #bay\xe2\x80\xa6'"
2018-07-26 20:27:46,b'Great article in @Forbes by @jennaorwell about @knotel and how they provide high-growth companies like CoverWallet\xe2\x80\xa6 https://t.co/7a7pptdhsP'
2018-07-26 20:26:21,"b'RT @eshender: Knotel has now officially launched Baya, a blockchain platform for mapping building data https://t.co/Ff7d9fMuxX #knotel #bay\xe2\x80\xa6'"
2018-07-26 20:18:47,"b'\xe2\x80\x9cWe have had explosive growth in both customers and employees,\xe2\x80\x9d said CEO of @CoverWallet Inaki Berenguer. --\n""WeWor\xe2\x80\xa6 https://t.co/RMvec76lDC'"
2018-07-26 20:11:26,b'#42floors Push for #realestate #data #commercialre https://t.co/xcRNyurijG'
2018-07-26 20:10:44,b'WeWork Competitor Knotel Pushes For Blockchain With 42Floors Acquisition https://t.co/WDzqr7pBCD https://t.co/GO4VdWpqcM'
2018-07-26 19:50:18,b'WeWork Competitor Knotel Pushes For Blockchain With 42Floors Acquisition ... https://t.co/7gewthwu6f https://t.co/tXtMmtcLEM'
2018-07-26 19:38:47,"b'Knotel has now officially launched Baya, a blockchain platform for mapping building data https://t.co/Ff7d9fMuxX #knotel #baya #blockchain'"
2018-07-26 19:10:26,b'WeWork Competitor Knotel Pushes For Blockchain With 42Floors Acquisition via @forbes https://t.co/ofJCcEwbR7'
2018-07-26 19:03:36,b'WeWork Competitor Knotel Pushes For Blockchain With 42Floors Acquisition https://t.co/95WfuDfvsJ'
2018-07-26 18:15:20,b'WeWork Competitor Knotel Pushes For Blockchain With 42Floors Acquisition https://t.co/epI5mlAZ4D'
2018-07-26 18:06:41,b'RT @news_mainstream: WeWork Competitor Knotel Pushes For Blockchain With 42Floors Acquisition https://t.co/2TgroOy7mm #Blockchain #TechNews\xe2\x80\xa6'
2018-07-26 17:54:37,b'RT @news_mainstream: WeWork Competitor Knotel Pushes For Blockchain With 42Floors Acquisition https://t.co/2TgroOy7mm #Blockchain #TechNews\xe2\x80\xa6'
2018-07-26 17:52:13,b'WeWork Competitor Knotel Pushes For Blockchain With 42Floors Acquisition https://t.co/2TgroOy7mm #Blockchain\xe2\x80\xa6 https://t.co/vTdxePmXGi'
2018-07-26 17:51:09,b'WeWork Competitor Knotel Pushes For Blockchain With 42Floors Acquisition https://t.co/bZ72z8Pj7c'
2018-07-26 17:44:08,b'WeWork Competitor Knotel Pushes For Blockchain With 42Floors Acquisition https://t.co/5dCmmwbb9t'
2018-07-26 17:30:35,b'WeWork Competitor Knotel Pushes For Blockchain With 42Floors Acquisition https://t.co/4pSDb5dNe0 #RealEstate https://t.co/YQO40oRhio'
2018-07-26 17:27:07,b'WeWork Competitor Knotel Pushes For Blockchain With 42Floors Acquisition https://t.co/nIUO4ndDav https://t.co/S1mt0xMHLu'
2018-07-26 17:27:05,b'WeWork Competitor Knotel Pushes For Blockchain With 42Floors Acquisition https://t.co/QAKtdVjeT9 https://t.co/r1RHnNHXju'
2018-07-26 17:16:09,b'WeWork Competitor Knotel Pushes For Blockchain With 42Floors Acquisition https://t.co/qTCyXijSjg\xe2\x80\xa6 https://t.co/406gGfv1Px'
2018-07-26 17:16:04,b'WeWork Competitor Knotel Pushes For Blockchain With 42Floors Acquisition https://t.co/Wg0wMO6eVh https://t.co/EFAEpfm21i'
2018-07-26 17:14:21,b'WeWork Competitor Knotel Pushes For Blockchain With 42Floors Acquisition https://t.co/LO934XI03i'
2018-07-26 17:14:16,b'WeWork Competitor Knotel Pushes For #blockchain With 42Floors Acquisition https://t.co/leYWZSEn53 https://t.co/JBR0HQzXlJ'
2018-07-26 17:12:39,"b'WeWork Competitor Knotel Pushes For Blockchain With 42Floors Acquisition The flexible office space company, founded\xe2\x80\xa6 https://t.co/yKHu3xcV9U'"
2018-07-26 17:11:18,b'WeWork Competitor Knotel Pushes For Blockchain With 42Floors Acquisition https://t.co/sU6tW1DSfC'
2018-07-26 17:11:05,b'WeWork Competitor Knotel Pushes For Blockchain With 42Floors Acquisition https://t.co/suwe8uqMnL'
2018-07-26 17:09:18,b'WeWork Competitor Knotel Pushes For Blockchain With 42Floors Acquisition https://t.co/WCarRPqQxD'
2018-07-26 14:49:16,"b'4) Get flexible...Tech companies including WeWork, Convene and Knotel have been selling commercial landlords on the\xe2\x80\xa6 https://t.co/wrXnJnupa5'"
2018-07-26 14:08:09,b'So true. \xf0\x9f\x99\x8c https://t.co/qBKeJcAgmb'
2018-07-26 14:07:04,"b'Top VC founder Vinod Khosla stresses that startups need business plans that allow for trial and error, and must res\xe2\x80\xa6 https://t.co/xcLlTW2NqH'"
2018-07-25 22:15:24,"b'""When my team succeed it\'s because of them, when they fail, it\xe2\x80\x99s because of me""\n#LeadershipMindset\nThanks the webin\xe2\x80\xa6 https://t.co/YQYH2RyH0n'"
2018-07-25 21:56:09,b'Knotel Takes Nearly 50K SF at Jeff Sutton and Thor\xe2\x80\x99s Soho Office Buildings https://t.co/JpEFJKHjYQ https://t.co/Wc3MjCnvpr'
2018-07-25 21:54:26,b'RT @momentumeventco: Join #Blockchain #Innovators and #visionaries from global brands like @knotel  @CapitalOne  @AIGinsurance  @BoxHQ at t\xe2\x80\xa6'
2018-07-25 21:54:10,b'Knotel Takes Nearly 50K SF at Jeff Sutton and Thor\xe2\x80\x99s Soho Office\xc2\xa0Buildings https://t.co/aRER5D7uXO'
2018-07-25 21:44:38,b'Big announcements on the horizon. Pretty stoked for the reveal. RT @knotel: The real estate industry is ripe for di\xe2\x80\xa6 https://t.co/OkoL8ZJ1RR'
2018-07-25 20:46:10,"b'Blockchain and real estate. For sure, it will be a great and happy marriage. @knotel buys @42floors to incorporate\xe2\x80\xa6 https://t.co/xteoNTSn03'"
2018-07-25 20:25:03,"b'Keeping pace with coworking competitor  @WeWork, @knotel has leased its seventh and largest #Soho location to date\xe2\x80\xa6 https://t.co/0brFiYZlWZ'"
2018-07-25 20:05:54,b'Knotel Snaps Up 42Floors To Facilitate Its Blockchain Dream https://t.co/xyHhdZ8hGt'
2018-07-25 19:16:27,"b'We are a looking for a high-impact Data Analyst! If you know great people, send them our way!\n\nhttps://t.co/tSbuLD11Sv'"
2018-07-25 18:21:20,"b'RT @LatticeHQ: Join our webinar today with @Greenhouse, @knotel, and @Hustle at 11 am PT to discuss growing your managers!'"
2018-07-25 17:10:06,b'Join #Blockchain #Innovators and #visionaries from global brands like @knotel  @CapitalOne  @AIGinsurance  @BoxHQ a\xe2\x80\xa6 https://t.co/VFZ7b0yVek'
2018-07-25 16:45:29,"b'RT @LatticeHQ: Join our webinar today with @Greenhouse, @knotel, and @Hustle at 11 am PT to discuss growing your managers!'"
2018-07-25 16:30:00,"b'Join our webinar today with @Greenhouse, @knotel, and @Hustle at 11 am PT to discuss growing your managers!'"
2018-07-25 14:38:25,b'Great event last night @knotel with @UJAfedNY. Very inspiring. https://t.co/LqYZlsSdci'
2018-07-25 14:37:09,"b""VCs want to invest in startups that can show they're nimble in both their financial and operational decisions. We'r\xe2\x80\xa6 https://t.co/l0YtQYYTF4"""
2018-07-25 13:53:01,b'RT @NachoImery: My thanks to @UJAfedNY for hosting the Unlocking The Sharing Economy meetup today in #NYC. Great panel. Many \xf0\x9f\x91\x8f\xf0\x9f\x91\x8f to the mode\xe2\x80\xa6'
2018-07-25 13:32:26,"b""RT @LatticeHQ: Don't miss our discussion tomorrow with @Greenhouse, @knotel, and @Hustle about how to hire and empower managers:"""
2018-07-25 10:58:47,"b'Office space rental giant Knotel just closed on a 49,000 square foot property in SOHO, NY, indicating continued exp\xe2\x80\xa6 https://t.co/sRwTvlSL7x'"
2018-07-25 08:48:26,b'Knotel Acquires Real Estate Search Engine 42Floors | #VentureCanvas - https://t.co/ai8Z7xOhkQ'
2018-07-25 08:46:08,b'Knotel Acquires Real Estate Search Engine 42Floors https://t.co/kiznEf4YQB https://t.co/ZM2gE4MAlm'
2018-07-25 08:46:03,b'Knotel Acquires Real Estate Search Engine 42Floors https://t.co/762BjTFooi https://t.co/AtwyFW7ITs'
2018-07-25 08:44:24,b'Knotel Acquires Real Estate Search Engine 42Floors | #VentureCanvas - https://t.co/zolDgTHQwx'
2018-07-25 08:41:41,b'Knotel Acquires Real Estate Search Engine 42Floors https://t.co/2IyUGUH0Ly'
2018-07-25 05:36:43,b'Knotel Blog: Why VCs Love Agile Workplaces \xe2\x80\x93 Part I https://t.co/yxxyrG13Qu https://t.co/9odrLqRdp9'
2018-07-25 05:18:51,"b""RT @knotel: The real estate industry is ripe for disruption, and we're excited to share our active mission to reduce transaction costs and\xe2\x80\xa6"""
2018-07-25 05:11:14,"b""RT @knotel: We're so proud to have Experience by Knotel featured in @Storefront magazine. Learn how we're designing our Agile HQs with modu\xe2\x80\xa6"""
2018-07-25 05:10:49,b'RT @Storefront: Peek inside the @knotel interactive pop-up showroom #poweredbyStorefront https://t.co/3ZxS1ruBwT \xf0\x9f\x99\x8c\xf0\x9f\x99\x8c'
2018-07-25 03:26:15,"b""RT @LatticeHQ: Don't miss our discussion tomorrow with @Greenhouse, @knotel, and @Hustle about how to hire and empower managers:"""
2018-07-25 02:52:07,"b""RT @knotel: The real estate industry is ripe for disruption, and we're excited to share our active mission to reduce transaction costs and\xe2\x80\xa6"""
2018-07-25 00:45:46,b'My thanks to @UJAfedNY for hosting the Unlocking The Sharing Economy meetup today in #NYC. Great panel. Many \xf0\x9f\x91\x8f\xf0\x9f\x91\x8f to\xe2\x80\xa6 https://t.co/g9QZo0WDta'
2018-07-25 00:45:27,"b'And onto your Profit and Loss statement, but spread out over the annual cost of the lease, no doubt! https://t.co/7MTRjgXhTA'"
2018-07-24 23:20:30,"b'Per Jonathan Goldberg, @knotel was designed to serve companies - only 30 yrs ago the avg lease was still 50 yrs!!!\xe2\x80\xa6 https://t.co/jAjgeIPoU7'"
2018-07-24 23:15:45,"b'\xe2\x80\x9cTo meet people where they are, you have to always be innovating.\xe2\x80\x9d - Jonathan Goldberg of @knotel #UJAtech https://t.co/8HGJAmrN17'"
2018-07-24 23:15:10,b'Future: How to remove 4th wall for companies? How to build a city of the future? Jonathan Goldberg of @knotel'
2018-07-24 23:12:59,b'Partnerships? @ridewithvia offers special pass for @knotel - Erin Abrams also points to future of truly shared self\xe2\x80\xa6 https://t.co/vMFCBPDnVc'
2018-07-24 23:10:24,"b'How do lenders view these cos? Per Jonathan Goldberg of @knotel, given lender focus on return on investment, it\xe2\x80\x99s a\xe2\x80\xa6 https://t.co/568f5czeTy'"
2018-07-24 23:04:57,b'Interesting aspect of #SharingEconomy relates to ownership. Neither @knotel nor @hicommon own the underlying real e\xe2\x80\xa6 https://t.co/Me1d4vqO02'
2018-07-24 22:43:47,b'Kicking off tonight\xe2\x80\x99s #TechTalk: \xe2\x80\x9cUnlocking The Sharing Economy\xe2\x80\x9d with @ridewithvia @knotel @freehandhotels\xe2\x80\xa6 https://t.co/dyDScDuTz5'
2018-07-24 22:38:34,b'Sharing Economy insights from @knotel #freehandnewyork #via #UJAtech https://t.co/KtWRfhzsrT'
2018-07-24 22:36:45,b'Discussing unlocking the sharing economy with reps from @via @freehand @common @knotel #UJATechTalk @UJAfedNY https://t.co/8NGWDnSUJ6'
2018-07-24 21:13:33,"b""RT @LatticeHQ: Don't miss our discussion tomorrow with @Greenhouse, @knotel, and @Hustle about how to hire and empower managers:"""
2018-07-24 20:43:30,"b'Unlocking the Sharing Economy\nModerator: Sterling Jawitz, Head of Real Estate Capitol, Common\n\nWhen\nTuesday, July 2\xe2\x80\xa6 https://t.co/fCSvJlMDyl'"
2018-07-24 20:30:00,"b""Don't miss our discussion tomorrow with @Greenhouse, @knotel, and @Hustle about how to hire and empower managers:"""
2018-07-24 19:52:37,"b""RT @knotel: We're so proud to have Experience by Knotel featured in @Storefront magazine. Learn how we're designing our Agile HQs with modu\xe2\x80\xa6"""
2018-07-24 19:12:24,b'Knotel inks lease for largest Soho location yet https://t.co/hz3JF6hHli trdny #therealdeal'
2018-07-24 19:12:10,b'Knotel inks lease for largest Soho location yet https://t.co/QuewqlOgH3'
2018-07-24 19:11:22,b'Knotel inks lease for largest Soho location yet https://t.co/y7uVqb4W7u'
2018-07-24 19:11:05,b'Knotel inks lease for largest Soho location yet https://t.co/hFN8NK8E6b'
2018-07-24 19:09:33,b'Knotel inks lease for largest Soho location yet https://t.co/CHWqH7fE7C'
2018-07-24 19:09:02,b'Knotel inks lease for largest Soho location yet https://t.co/9nrBYNw6jh'
2018-07-24 18:59:31,b'Knotel\xc2\xa0continues growth w/ strategic acquisition of listing service 42Floors https://t.co/BCgJRUiToA'
2018-07-24 18:51:52,"b""The real estate industry is ripe for disruption, and we're excited to share our active mission to reduce transactio\xe2\x80\xa6 https://t.co/4bzoGYNABP"""
2018-07-24 18:50:07,"b'Knotel, 2.5-yr-old, NY-based office rental service that has raised $95M from investors, is on the cusp of acquiring\xe2\x80\xa6 https://t.co/K4IndKGfOF'"
2018-07-24 15:26:12,"b'RT @TOABerlin: After the acquisition of @AhoyBerlin, @knotel is accelerating its plans to build a blockchain platform. By partnering with @\xe2\x80\xa6'"
2018-07-24 15:00:29,"b'Knotel acquires 42Floors in order to build the blockchain of property\n\nAnother day, another blockchain. This time K\xe2\x80\xa6 https://t.co/4hxAJSUjFR'"
2018-07-24 14:23:58,b'Knotel acquires 42Floors in order to build the blockchain of property via Instapaper https://t.co/9LlNJoXrjs'
2018-07-24 12:41:48,"b'After the acquisition of @AhoyBerlin, @knotel is accelerating its plans to build a blockchain platform. By partneri\xe2\x80\xa6 https://t.co/cCi0JbWEiP'"
2018-07-24 12:41:01,"b'Hear how #blockchain is changing the enterprise from CXOs at Knotel, Box, AIG, BNP Paribas, Capital One and more at\xe2\x80\xa6 https://t.co/tt5o0LiADg'"
2018-07-24 07:00:36,"b'RT @fruits_and_veg: Meat-reduction is great for people and the planet. Way to put the health of your team and planet first, @Wework! @Indus\xe2\x80\xa6'"
2018-07-24 06:28:47,"b'Meat-reduction is great for people and the planet. Way to put the health of your team and planet first, @Wework!\xe2\x80\xa6 https://t.co/ZyNOyeYDI0'"
2018-07-24 00:43:32,b'@knotel Harold still seems to be showing a lot of pain because of his lease... even if it is flexible.'
2018-07-23 23:26:40,"b'Knotel Acquires 42Floors, Top Real Estate Search Engine https://t.co/GY58kKXV14'"
2018-07-23 23:03:31,b'Day 1 of working in NYC - someone in my knotel microwaved Brussel sprouts \xf0\x9f\x98\xa9'
2018-07-23 22:56:29,b'#Knotel Snaps Up #42Floors To Facilitate Its Blockchain Dream https://t.co/QNES8cez6w'
2018-07-23 22:43:04,"b""Did you miss it? Knotel acquires NYC's 42Floors to build blockchain use in property https://t.co/jZw3Ib91G5 https://t.co/a2xQi1pym9"""
2018-07-23 22:31:06,"b""I've just posted a new blog: Knotel Acquires 42Floors, Top Real Estate Search Engine https://t.co/WcueNTcC1T"""
2018-07-23 21:26:15,"b'Knotel Acquires 42Floors, Top Real Estate Search Engine https://t.co/IMxcpKVZsj'"
2018-07-23 19:31:06,"b""I've just posted a new blog: Knotel Acquires 42Floors, Top Real Estate Search Engine https://t.co/D9uSIcXrpI"""
2018-07-23 17:36:10,"b'Knotel Acquires 42Floors, Top Real Estate Search Engine https://t.co/hCjXeRwJxP'"
2018-07-23 16:38:27,"b'Knotel Acquires 42Floors, Top Real Estate Search Engine https://t.co/tUfjbIEeRm'"
2018-07-23 16:31:52,"b'Knotel Acquires 42Floors, Top Real Estate Search Engine https://t.co/iHhUY5CoYc'"
2018-07-23 16:14:42,"b'RT @WorldREnews: Knotel Acquires 42Floors, Top Real Estate Search Engine - Business Wire (press release) https://t.co/hHDXfyK6A6'"
2018-07-23 16:09:10,"b'Knotel Acquires 42Floors, Top Real Estate Search Engine - Business Wire (press release) https://t.co/hHDXfyK6A6'"
2018-07-23 16:00:22,b'Blockchain continues to impact industries.  Here is an example of using it for leasing office space to streamline t\xe2\x80\xa6 https://t.co/OXKjVZCycW'
2018-07-23 14:39:06,"b'Knotel Acquires 42Floors, Top Real Estate Search Engine https://t.co/CW6Y6XLuLl'"
2018-07-23 13:52:42,"b'""Never interrupt your enemy when he is making a mistake."" - Napoleon Bonaparte via friend of Knotel Mssr. Sopp'"
2018-07-23 10:22:59,b'Knotel acquires 42Floors in order to build Beyonc\xc3\xa9 of property https://t.co/aAnpmeMfZ7 via https://t.co/lKdoYV4aIG'
2018-07-23 09:42:00,b'Knotel acquires 42Floors in order to build the blockchain of property https://t.co/aY51HZ1eeg via https://t.co/2DoxThXEme'
2018-07-23 09:34:45,"b""RT @AvdiuSazan: A review of the coming #Dominium #RealEstate child chain on #Ardor #blockchain. Wonder what it's all about? Why they chose\xe2\x80\xa6"""
2018-07-23 09:02:29,b'RT @WorkChainCenter: Distributed Work Spaces for the Tech Community\nWe Work + Knotel + Technology Blockchain = Workchaincenters\nhttps://t.c\xe2\x80\xa6'
2018-07-23 07:21:05,"b""Knotel acquires NYC's 42Floors to build blockchain use in property https://t.co/J56NbeBJNs https://t.co/Hj952DlS1E"""
2018-07-23 06:42:06,"b'@TechForUK @knotel What a wonderful weekend, great people, conversations and everyone made such wonderful products.\xe2\x80\xa6 https://t.co/rJF4rh84ff'"
2018-07-23 06:40:42,b'RT @TechForUK: The Great British Hack-Off Version 1.0 is completed! Join us for Version 2.0 in September 15-16! #GBhackoff thanks to https:\xe2\x80\xa6'
2018-07-23 01:31:36,b'Portal Updates Knotel acquires NYC\xe2\x80\x99s 42Floors to build blockchain use in property https://t.co/lC7ioXA4GZ'
2018-07-23 00:24:18,b'RT @andrewbermudez: Knotel to acquire @42floors for an undisclosed amount. #CRE #CRETech https://t.co/Mr1Z6Kht6Z @MetaPropNYC @dukelong @mb\xe2\x80\xa6'
2018-07-22 21:34:10,b'RT @TechForUK: The Great British Hack-Off Version 1.0 is completed! Join us for Version 2.0 in September 15-16! #GBhackoff thanks to https:\xe2\x80\xa6'
2018-07-22 21:18:07,"b""RT @AvdiuSazan: A review of the coming #Dominium #RealEstate child chain on #Ardor #blockchain. Wonder what it's all about? Why they chose\xe2\x80\xa6"""
2018-07-22 20:33:33,b'RT @news_mainstream: Knotel acquires 42Floors in order to build the blockchain of property https://t.co/iAYE7HZRL7 #Blockchain #Property ht\xe2\x80\xa6'
2018-07-22 17:56:51,b'RT @TechForUK: The Great British Hack-Off Version 1.0 is completed! Join us for Version 2.0 in September 15-16! #GBhackoff thanks to https:\xe2\x80\xa6'
2018-07-22 17:36:19,b'RT @TechForUK: The Great British Hack-Off Version 1.0 is completed! Join us for Version 2.0 in September 15-16! #GBhackoff thanks to https:\xe2\x80\xa6'
2018-07-22 16:25:05,b'RT @TechForUK: The Great British Hack-Off Version 1.0 is completed! Join us for Version 2.0 in September 15-16! #GBhackoff thanks to https:\xe2\x80\xa6'
2018-07-22 15:28:14,b'RT @TechForUK: The Great British Hack-Off Version 1.0 is completed! Join us for Version 2.0 in September 15-16! #GBhackoff thanks to https:\xe2\x80\xa6'
2018-07-22 14:35:56,b'RT @TechForUK: The Great British Hack-Off Version 1.0 is completed! Join us for Version 2.0 in September 15-16! #GBhackoff thanks to https:\xe2\x80\xa6'
2018-07-22 14:35:40,b'The Great British Hack-Off Version 1.0 is completed! Join us for Version 2.0 in September 15-16! #GBhackoff thanks\xe2\x80\xa6 https://t.co/ky6BYwnWZD'
2018-07-22 12:03:21,b'RT @andrewbermudez: Knotel to acquire @42floors for an undisclosed amount. #CRE #CRETech https://t.co/Mr1Z6Kht6Z @MetaPropNYC @dukelong @mb\xe2\x80\xa6'
2018-07-22 05:42:34,b'RT @andrewbermudez: Knotel to acquire @42floors for an undisclosed amount. #CRE #CRETech https://t.co/Mr1Z6Kht6Z @MetaPropNYC @dukelong @mb\xe2\x80\xa6'
2018-07-22 02:03:05,b'Knotel acquires 42Floors in order to build the blockchain of property https://t.co/EhmG2coaPm https://t.co/BXNTnWLS5E'
2018-07-21 18:24:37,"b""RT @AvdiuSazan: A review of the coming #Dominium #RealEstate child chain on #Ardor #blockchain. Wonder what it's all about? Why they chose\xe2\x80\xa6"""
2018-07-21 18:24:16,"b""RT @knotel: We're so proud to have Experience by Knotel featured in @Storefront magazine. Learn how we're designing our Agile HQs with modu\xe2\x80\xa6"""
2018-07-21 18:00:29,b'RT @news_mainstream: Knotel acquires 42Floors in order to build the blockchain of property https://t.co/iAYE7HZRL7 #Blockchain #Property ht\xe2\x80\xa6'
2018-07-21 17:16:23,b'RT @andrewbermudez: Knotel to acquire @42floors for an undisclosed amount. #CRE #CRETech https://t.co/Mr1Z6Kht6Z @MetaPropNYC @dukelong @mb\xe2\x80\xa6'
2018-07-21 16:58:39,"b""A review of the coming #Dominium #RealEstate child chain on #Ardor #blockchain. Wonder what it's all about? Why the\xe2\x80\xa6 https://t.co/xRZQxCPrNI"""
2018-07-21 14:41:03,b'#knotel #acquires #42floors for a #commercial #property #blockchain #project \n#bitcoin #crypto #trx\xe2\x80\xa6 https://t.co/bX708hb51Y'
2018-07-21 14:27:02,b'@knotel acquires @42floors in order to build the blockchain of property https://t.co/qHo7QGhYoL https://t.co/lnQHAGqlA4'
2018-07-21 12:52:33,b'https://t.co/rp36hpeaDe - Knotel to buy 42Floors amid blockchain push https://t.co/u3GCWOnTxS'
2018-07-21 10:12:09,"b'@knotel , The Official #Space Rental Is Building Its Own #Blockchain Of Property With the #acquisition of 42Floors.\xe2\x80\xa6 https://t.co/6oWc0yFbST'"
2018-07-21 09:30:24,b'Knotel acquires 42Floors in order to build the blockchain of property https://t.co/iAYE7HZRL7 #Blockchain #Property https://t.co/hXypq943Da'
2018-07-21 07:59:05,b'RT @Money__Makers_: Knotel acquires #42Floors in order to build the #blockchain of property https://t.co/wkiVkliLI9 https://t.co/PUqF9kzQ5m'
2018-07-21 07:01:25,b'RT @andrewbermudez: Knotel to acquire @42floors for an undisclosed amount. #CRE #CRETech https://t.co/Mr1Z6Kht6Z @MetaPropNYC @dukelong @mb\xe2\x80\xa6'
2018-07-21 03:29:06,b'Knotel acquires 42Floors in order to build the blockchain of property https://t.co/lps0A2JawG https://t.co/pJY6ePJbpT'
2018-07-21 02:12:54,b'RT @FindSpark: Interested in working with an innovative company that\xe2\x80\x99s changing its industry? Network with the @Knotel team at #HustleSummi\xe2\x80\xa6'
2018-07-21 01:51:04,b'RT @42floors: Thank you to everyone!  Excited to join the @knotel family!\n\nhttps://t.co/f0iaQedLET'
2018-07-21 01:43:39,"b'RT @BGreenzweig: What does the #CEO of @knotel, the Managing Director, #FinancialServices for @BoxHQ and the Co-#Founder of @plusblockchain\xe2\x80\xa6'"
2018-07-21 00:10:53,b'Thank you to everyone!  Excited to join the @knotel family!\n\nhttps://t.co/f0iaQedLET'
2018-07-21 00:00:40,b'Knotel to acquire @42floors for an undisclosed amount. #CRE #CRETech https://t.co/Mr1Z6Kht6Z @MetaPropNYC @dukelong\xe2\x80\xa6 https://t.co/4mzs63XYKK'
2018-07-20 23:09:35,b'Big #acquisition for the #CREtech space\nhttps://t.co/pM52EQ0H3f'
2018-07-20 22:57:49,b'Interested in working with an innovative company that\xe2\x80\x99s changing its industry? Network with the @Knotel team at\xe2\x80\xa6 https://t.co/JDbCH99BwN'
2018-07-20 20:37:40,b'Thanks for the temporary office location @knotel! Awesome space to work at while our building is temporarily closed\xe2\x80\xa6 https://t.co/JlkDj75S27'
2018-07-20 19:54:44,"b'What does the #CEO of @knotel, the Managing Director, #FinancialServices for @BoxHQ and the Co-#Founder of\xe2\x80\xa6 https://t.co/HZwMyu24f9'"
2018-07-20 19:40:30,"b""RT @knotel: We're so proud to have Experience by Knotel featured in @Storefront magazine. Learn how we're designing our Agile HQs with modu\xe2\x80\xa6"""
2018-07-20 19:21:05,"b""We're so proud to have Experience by Knotel featured in @Storefront magazine. Learn how we're designing our Agile H\xe2\x80\xa6 https://t.co/1gfSBW9zVJ"""
2018-07-20 18:34:42,b'Knotel Blog: How to Design A Space That Inspires Your Team https://t.co/IV6gf1uEWW https://t.co/leypYjDWy4'
2018-07-20 18:23:46,b'RT @Money__Makers_: Knotel acquires #42Floors in order to build the #blockchain of property https://t.co/wkiVkliLI9 https://t.co/PUqF9kzQ5m'
2018-07-20 18:02:16,b'Knotel acquires 42Floors in order to build the blockchain of property https://t.co/WWfDmp0qzh'
2018-07-20 13:09:13,b'Knotel acquires 42Floors in order to build the blockchain of property https://t.co/0kxZZhpguP'
2018-07-20 11:11:07,"b'In The Loop: Industrious And Blackstone Partnership, Knotel, And Why Coworking Doesn\xe2\x80\x99t Work For All\xe2\x80\xa6 https://t.co/fOJ2ufdYwG'"
2018-07-20 08:47:01,b'Knotel acquires 42Floors in order to build the blockchain of property https://t.co/CF43VsywQg #startups #bcombinator'
2018-07-20 05:13:11,b'RT @WorkChainCenter: Distributed Work Spaces for the Tech Community\nWe Work + Knotel + Technology Blockchain = Workchaincenters\nhttps://t.c\xe2\x80\xa6'
2018-07-20 04:30:20,b'Very interesting move from @knotel https://t.co/aoiMFLtAJk'
2018-07-20 04:16:00,b'#WorthReading https://t.co/C8j53cVkBm Knotel acquires 42Floors in order to build the blockchain of property'
2018-07-20 03:13:46,b'RT @EthereumNetw: Knotel Acquires 42Floors For a Commercial Property Blockchain Project https://t.co/B2rTQguzOD'
2018-07-20 03:08:00,b'Knotel Acquires 42Floors For a Commercial Property Blockchain Project https://t.co/B2rTQguzOD'
2018-07-20 03:03:07,b'RT @lindsimperatore: BREAKING:  @Knotel acquires @42Floors in order to build the blockchain of property https://t.co/pqPhZfxfDp'
2018-07-20 02:53:17,b'RT @WorkChainCenter: Distributed Work Spaces for the Tech Community\nWe Work + Knotel + Technology Blockchain = Workchaincenters\nhttps://t.c\xe2\x80\xa6'
2018-07-20 02:30:03,b'Knotel acquires 42Floors in order to build the blockchain of property https://t.co/4mEethAP2s https://t.co/0fR8XrRs6H'
2018-07-20 01:35:32,b'@DiscoverCREtech @ElieFinegold @knotel @42floors Woah.'
2018-07-20 01:31:39,b'RT @DiscoverCREtech: BREAKING NEWS: @knotel acquires @42floors in order to build the #blockchain of property &gt;&gt; https://t.co/eAwZJAsFRV #CR\xe2\x80\xa6'
2018-07-19 21:42:39,"b'You may pine for the mystique of the Mad Men era workplace, but you can see for yourself why the evolution towards\xe2\x80\xa6 https://t.co/97g54yvQKL'"
2018-07-19 21:34:53,b'Knotel acquires 42Floors in order to build the blockchain of property https://t.co/u2kO5HvJ8Q via @techcrunch'
2018-07-19 20:48:07,b'RT @DiscoverCREtech: BREAKING NEWS: @knotel acquires @42floors in order to build the #blockchain of property &gt;&gt; https://t.co/eAwZJAsFRV #CR\xe2\x80\xa6'
2018-07-19 20:12:03,b'Knotel Acquires 42Floors For a Commercial Property Blockchain Project #ETH #Bitcoin #Ripple https://t.co/HL5rMBfEuB'
2018-07-19 20:03:44,b'Excited to hear our Head of People Elliot Epstein on the Greenhouse webinar with @Lattice on July 25th. Register wi\xe2\x80\xa6 https://t.co/HD99IO6nr4'
2018-07-19 19:42:13,b'RT @PropChallenge: Knotel acquires 42Floors in order to build the blockchain of property https://t.co/4al0wiRao9 via @TechCrunch'
2018-07-19 19:41:04,b'Knotel to buy 42Floors amid blockchain push https://t.co/JEbA2L8J50'
2018-07-19 19:11:20,"b'RT @longhashdata: ""Knotel acquires 42Floors in order to build the blockchain of property""\n@johnbiggs\n@TechCrunch\nhttps://t.co/idsMFhKQ4I ht\xe2\x80\xa6'"
2018-07-19 19:11:05,"b'""Knotel acquires 42Floors in order to build the blockchain of property""\n@johnbiggs\n@TechCrunch\xe2\x80\xa6 https://t.co/esDozQhegF'"
2018-07-19 18:06:36,b'Knotel acquires 42Floors in order to build the blockchain of property https://t.co/02ImLiQmgk via @techcrunch'
2018-07-19 18:04:30,b'@knotel WeMeat t-shirt might be fun'
2018-07-19 18:03:50,b'Huge news!! https://t.co/1yeoO6za4F'
2018-07-19 17:51:33,b'Knotel acquires 42Floors in order to build the blockchain of property #business #startup https://t.co/RZ9YOjmpRu'
2018-07-19 17:40:31,b'Knotel to buy 42Floors amid blockchain push https://t.co/PZIehFU1Wp'
2018-07-19 17:27:55,b'Knotel to buy 42Floors amid blockchain push https://t.co/UIbCnEUVr1'
2018-07-19 17:17:34,b'Knotel to buy 42Floors amid blockchain push https://t.co/4DqEKfjpzY trdny #therealdeal'
2018-07-19 17:16:30,b'Peek inside the @knotel interactive pop-up showroom #poweredbyStorefront https://t.co/3ZxS1ruBwT \xf0\x9f\x99\x8c\xf0\x9f\x99\x8c'
2018-07-19 17:16:14,b'Knotel to buy 42Floors amid blockchain push https://t.co/VMLY5b5TTx'
2018-07-19 17:16:02,b'Knotel to buy 42Floors amid blockchain push https://t.co/jhnEFiJtTC'
2018-07-19 17:15:35,b'Knotel to buy 42Floors amid blockchain push https://t.co/YmAbt8FXnP'
2018-07-19 16:44:18,b'Knotel Acquires 42Floors For a Commercial Property Blockchain Project\n\nhttps://t.co/Z65vSeGJzN\n\n$btc $ltc $eth $neo\xe2\x80\xa6 https://t.co/9ysvnmqjp9'
2018-07-19 16:43:18,b'42floors (YC W12) acquired by Knotel to build the blockchain of property https://t.co/5r8yTW9v7Q #crypto #blockchain'
2018-07-19 16:40:53,"b'RT @Greenhouse: Ready for the power to empower? Join our webinar on July 25 with @Lattice, @Hustle and @Knotel to learn about recruiting an\xe2\x80\xa6'"
2018-07-19 16:36:56,b'VCs Inject $1B in Construction Tech Startups H1 2018 + Gilbane Uses VR to Validate Prefab Construction &amp; Build Fast\xe2\x80\xa6 https://t.co/0fQPcFzfaR'
2018-07-19 16:33:07,b'RT @eStream_Studios: Knotel acquires #42Floors in order to build the #blockchain of property https://t.co/rELxvx7ZQV  | https://t.co/9AaTTq\xe2\x80\xa6'
2018-07-19 16:30:49,b'Knotel acquires 42Floors in order to build the blockchain of property https://t.co/4al0wiRao9 via @TechCrunch'
2018-07-19 16:25:36,b'Knotel Acquires 42Floors For a Commercial Property Blockchain Project https://t.co/8pUnW784vL'
2018-07-19 16:18:12,b'RT @DiscoverCREtech: BREAKING NEWS: @knotel acquires @42floors in order to build the #blockchain of property &gt;&gt; https://t.co/eAwZJAsFRV #CR\xe2\x80\xa6'
2018-07-19 16:02:38,"b'Ready for the power to empower? Join our webinar on July 25 with @Lattice, @Hustle and @Knotel to learn about recru\xe2\x80\xa6 https://t.co/dQ8KRz8POh'"
2018-07-19 15:56:15,b'Knotel acquires 42Floors in order to build the blockchain of property https://t.co/pXsluM2zc2 https://t.co/LHvKOIbO7W'
2018-07-19 15:30:48,"b'Between @WeWork, @knotel, @Convene and others, is #NYC poised to hit a #coworking peak in #Manhattan?\xe2\x80\xa6 https://t.co/kOIl7vOIRv'"
2018-07-19 15:28:00,b'Knotel Acquires 42Floors For a Commercial Property Blockchain Project https://t.co/DI20NCi53q https://t.co/0mCJBqYlwM'
2018-07-19 15:18:04,b'Knotel Acquires 42Floors For a Commercial Property #blockchain Project https://t.co/4LozZXY7JA #Blockchain #cryptocurrency'
2018-07-19 15:02:53,b'Knotel Acquires 42Floors For a Commercial Property Blockchain Project https://t.co/DI20NCi53q https://t.co/g1PleYyYXA'
2018-07-19 15:02:50,b'Knotel Acquires 42Floors For a Commercial Property Blockchain\xc2\xa0Project https://t.co/uGYxvmONZc'
2018-07-19 14:39:05,b'Knotel Acquires 42Floors For a Commercial Property Blockchain Project https://t.co/xv7LkGiSdn https://t.co/WhmIed7Kn0'
2018-07-19 14:29:46,b'BREAKING NEWS: @knotel acquires @42floors in order to build the #blockchain of property &gt;&gt; https://t.co/eAwZJAsFRV\xe2\x80\xa6 https://t.co/am4hf2j7pb'
2018-07-19 14:27:49,b'Bold move @amol:  @Knotel acquires @42Floors in order to build the blockchain of property https://t.co/CNGVLzKviZ'
2018-07-19 14:25:51,b'RT @lindsimperatore: BREAKING:  @Knotel acquires @42Floors in order to build the blockchain of property https://t.co/pqPhZfxfDp'
2018-07-19 14:23:29,b'RT @RealTimeCrypto: Knotel Acquires 42Floors For a Commercial Property Blockchain Project https://t.co/By4zPmYZaX'
2018-07-19 14:21:40,b'Knotel acquires 42Floors in order to build the blockchain of #CRE property https://t.co/PylSFzd7vb'
2018-07-19 14:21:15,b'Knotel Acquires 42Floors For a Commercial Property #Blockchain Project https://t.co/p9ImQXt1lp | #Dapps #Ethereum\xe2\x80\xa6 https://t.co/r8PzDreGmz'
2018-07-19 14:21:13,b'Knotel Acquires 42Floors For a Commercial Property Blockchain Project https://t.co/By4zPmYZaX'
2018-07-19 14:21:01,b'RT @lindsimperatore: BREAKING:  @Knotel acquires @42Floors in order to build the blockchain of property https://t.co/pqPhZfxfDp'
2018-07-19 14:20:28,b'Knotel Acquires 42Floors For a Commercial Property #Blockchain Project https://t.co/qRcIjIrf9s | #Dapps #Ethereum\xe2\x80\xa6 https://t.co/wOiYcBvzg8'
2018-07-19 14:19:22,b'Knotel Acquires 42Floors For a Commercial Property Blockchain Project\nhttps://t.co/xoefPzzxNI'
2018-07-19 14:19:16,b'Congratulations to \xe2\x81\xa6@jasonfreedman\xe2\x81\xa9 and the whole \xe2\x81\xa6@42floors\xe2\x81\xa9 team - one of the first of this wave of #CreTech comp\xe2\x80\xa6 https://t.co/N7nNI0fCls'
2018-07-19 14:14:39,b'BREAKING:  @Knotel acquires @42Floors in order to build the blockchain of property https://t.co/pqPhZfxfDp'
2018-07-19 13:36:59,"b"".@Knotel's aquisition of @42Floors could help accelerate plans for its @KnotelKoin #blockchain platform\xe2\x80\xa6 https://t.co/mdQCwsmILI"""
2018-07-19 11:57:06,"b'Another day, another #Blockchain project. @knotel acquires @42floors accelerating its plans for a blockchain platfo\xe2\x80\xa6 https://t.co/K8pk6mrWwJ'"
2018-07-19 11:21:49,b'Knotel acquires 42Floors in order to build the blockchain of property https://t.co/FEVqMyGqCe https://t.co/e5hH7zY4EV'
2018-07-19 11:05:48,b'Knotel acquires 42Floors in order to build the blockchain of property - TechCrunch\nhttps://t.co/vOSHhBALyL'
2018-07-19 10:54:39,b'Knotel acquires 42Floors in order to build the blockchain of property https://t.co/k0HArpZ1fh'
2018-07-19 10:39:54,b'RT @TechCrunch: Knotel acquires 42Floors in order to build the blockchain of property https://t.co/Ii3PyHNH7q by @johnbiggs'
2018-07-19 10:19:03,b'Knotel acquires #42Floors in order to build the #blockchain of property https://t.co/6MvfmkV7yQ https://t.co/L3JPam2NBm'
2018-07-19 09:00:16,b'Knotel acquires 42Floors in order to build the blockchain of property\n\nhttps://t.co/lFMEfytOlF'
2018-07-19 08:46:24,"b'RT @amol: Vegetarians live longer. But please, fly your flag whoever you are. Flexitarians and all are welcome at @Knotel.'"
2018-07-19 08:42:05,b'Knotel acquires 42Floors in order to build the blockchain of property https://t.co/JSyzr8pAPS https://t.co/d78dNLMYcN'
2018-07-19 08:39:04,b'Knotel acquires 42Floors in order to build the blockchain of property https://t.co/DXfYSCZJIP https://t.co/YRVELdn44R'
2018-07-19 08:00:11,b'Knotel acquires 42Floors in order to build the blockchain of property #startup https://t.co/UWENZNUEZ8'
2018-07-19 07:48:04,b'Knotel acquires 42Floors in order to build the blockchain of property https://t.co/6h7eT4047w https://t.co/p4qNzbV5NH'
2018-07-19 07:15:27,b'RT @magnus_s: . @knotel acquries @42floors to build \xe2\x80\x99blockchain of property\xe2\x80\x99 #PropTech \xe2\x80\x94&gt;  https://t.co/xEF087wTdV'
2018-07-19 07:04:43,b'. @knotel acquries @42floors to build \xe2\x80\x99blockchain of property\xe2\x80\x99 #PropTech \xe2\x80\x94&gt;  https://t.co/xEF087wTdV'
2018-07-19 07:02:54,b'Knotel acquires 42Floors in order to build the blockchain of property https://t.co/lRCJsE1Kxd https://t.co/u1ONkPN0hP'
2018-07-19 06:35:07,b'New post (Knotel acquires 42Floors in order to build the blockchain of property \xe2\x80\x93 TechCrunch) has been published on\xe2\x80\xa6 https://t.co/u9M8Bb06oW'
2018-07-19 06:16:32,b'Knotel Acquires 42Floors in Order to Build the Blockchain of Property #RealEstate #Blockchain #Acquisition https://t.co/pFBB7aaI1D'
2018-07-19 06:12:28,b'Knotel acquires 42Floors in order to build the blockchain of property.\nhttps://t.co/ikGzAHTsG9'
2018-07-19 05:20:14,b'Knotel acquires 42Floors in order to build the blockchain of property https://t.co/rfvyc1u8HD https://t.co/e201mAqfBE'
2018-07-19 04:30:37,b'Knotel acquires 42Floors in order to build the blockchain of property - TechCrunch\nhttps://t.co/wnUPZSZF8x'
2018-07-19 04:14:59,b'Knotel acquires 42Floors in order to build the blockchain of property - Yahoo Finance UK https://t.co/hP6nw2IcYl #coworking'
2018-07-19 03:39:11,"b""RT @FindSpark: Network wtih #NYC's top companies that are hiring at @HustleSummit, July 20th:\n@YelpCareers\n@infatuation\n@RAPP\n@BSD \n@KBS_ag\xe2\x80\xa6"""
2018-07-19 02:59:03,b'https://t.co/fucO687XAb Knotel acquires 42Floors in order to build the blockchain of property https://t.co/HznGYWEn76'
2018-07-19 02:58:06,b'Knotel acquires 42Floors in order to build the blockchain of property - Fayette Advocate (press release) (blog)\xe2\x80\xa6 https://t.co/dxJdDnVdps'
2018-07-19 01:31:45,b'Knotel acquires #42Floors in order to build the #blockchain of property https://t.co/rlhoMFFPaR https://t.co/JyJkgW879K'
2018-07-19 00:53:15,b'https://t.co/rgNqh5BqX2 - Knotel acquires 42Floors in order to build the blockchain of property https://t.co/pO2eZRMCeR'
2018-07-19 00:44:04,b'Knotel acquires 42Floors in order to build the blockchain of property https://t.co/BJspOC1Lt3 https://t.co/uc5lE0Gzyl'
2018-07-19 00:16:37,b'RT @sourcecodersio: Knotel acquires 42Floors in order to build the blockchain of property https://t.co/vzAlkyNtv9'
2018-07-19 00:15:17,b'Knotel acquires 42Floors in order to build the blockchain of property https://t.co/vzAlkyNtv9'
2018-07-19 00:08:38,b'New post: Knotel acquires 42Floors in order to build the blockchain of property https://t.co/AfrONYWHoi'
2018-07-18 23:24:36,"b""@FrancoFaraudo @knotel I don't mind being compared to WW, but in the right context"""
2018-07-18 22:50:31,"b""@amol curious in hearing your thoughts on Swivel and how it's different/similar from Knotel. https://t.co/gNbdLecnpG"""
2018-07-18 22:36:37,b'Knotel acquires 42Floors in order to build the blockchain of\xc2\xa0property https://t.co/ihwPFRfcI9'
2018-07-18 22:34:41,b'RT @theitstrategist: Knotel acquires 42Floors in order to build the blockchain of property https://t.co/9UVHJGfqIz https://t.co/SgxWJKj6UV'
2018-07-18 22:31:10,b'Knotel acquires 42Floors in order to build the blockchain of property \xe2\x80\x93 TechCrunch https://t.co/kT0IOfDa2u'
2018-07-18 22:15:09,b'@eshender @knotel I don\xe2\x80\x99t understand how you guys always get grouped into the same category as WeWork. \n\nIt is as i\xe2\x80\xa6 https://t.co/qAIpzckJfq'
2018-07-18 22:13:56,b'Knotel acquires 42Floors in order to build the blockchain of property https://t.co/Udi7ZgBJcw via @techcrunch'
2018-07-18 21:57:54,b'Knotel acquires 42Floors in order to build the blockchain of property https://t.co/mKSwnfdPQv https://t.co/RPnSvUrgOn'
2018-07-18 21:45:48,b'Knotel Blog: How to Design A Space That Inspires Your Team https://t.co/wvbDDmr81E https://t.co/dTsBTCTii8'
2018-07-18 21:43:48,b'Knotel acquires 42Floors in order to build the #blockchain of property https://t.co/fc5o92iPZN via @techcrunch'
2018-07-18 21:42:04,b'Knotel acquires 42Floors in order to build the blockchain of property https://t.co/nN0DH90EiR https://t.co/Q0MvUEEQMs'
2018-07-18 21:40:38,b'RT @LatticeHQ: What do @knotel and @Hustle have in common? They\xe2\x80\x99re both featured on our next webinar with @Greenhouse next week! Register t\xe2\x80\xa6'
2018-07-18 21:29:39,b'Knotel acquires 42Floors in order to build the blockchain of property https://t.co/O6KjH4jqri via @techcrunch'
2018-07-18 21:07:23,b'Knotel acquires 42Floors in order to build the blockchain of property...'
2018-07-18 20:44:11,b'Knotel acquires 42Floors in order to build the blockchain of property https://t.co/ucbtctj5qQ #Startups #Tech #entrepreneurs'
2018-07-18 20:43:04,b'Knotel acquires #42Floors in order to build the #blockchain of property https://t.co/3SkchfbEj3 https://t.co/o4j5ap33wg'
2018-07-18 20:40:56,b'RT @TechStartupsBH: Knotel acquires 42Floors in order to build the blockchain of property https://t.co/U5zgwBeA0Y #Startups #Tech #entrepre\xe2\x80\xa6'
2018-07-18 20:40:11,b'Knotel acquires 42Floors in order to build the blockchain of property https://t.co/U5zgwBeA0Y #Startups #Tech #entrepreneurs'
2018-07-18 20:37:54,"b'""Another day, another #blockchain"" @42floors @knotel #RealEstate #PropTech\n\n https://t.co/bXvR7CrzFj via @techcrunch'"
2018-07-18 20:37:05,b'Knotel acquires 42Floors in order to build the blockchain of property https://t.co/bHiNXia6oN https://t.co/KJ3VdqNGqM'
2018-07-18 20:30:37,b'Knotel acquires 42Floors in order to build the blockchain of property https://t.co/7erDVmnWg6 https://t.co/OVtlusWXZ9'
2018-07-18 20:27:05,b'Knotel acquires 42Floors in order to build the blockchain of property https://t.co/QoMkaS3n4D https://t.co/Yujquw4zmz'
2018-07-18 20:25:29,b'Knotel acquires 42Floors in order to build the blockchain of property https://t.co/Y27leUGwPG'
2018-07-18 20:25:02,b'Knotel acquires 42Floors in order to build the blockchain of property - https://t.co/ruJ8anowbr #digital #technology #trends'
2018-07-18 20:11:03,b'Knotel acquires 42Floors in order to build the blockchain of property https://t.co/JNCJYwxoWr'
2018-07-18 20:03:35,b'Knotel acquires 42Floors in order to build the blockchain of property https://t.co/XGU8Dku4on'
2018-07-18 19:57:58,b'Knotel acquires 42Floors in order to build the blockchain of property #InformationTechnology #TechNews\xe2\x80\xa6 https://t.co/ukXYILI8Oh'
2018-07-18 19:57:04,b'Knotel acquires 42Floors in order to build the blockchain of property https://t.co/4vTSdoWINF'
2018-07-18 19:57:04,b'Knotel acquires 42Floors in order to build the blockchain of property https://t.co/eUQL6SS3N9'
2018-07-18 19:57:04,"b'Knotel acquires 42Floors in order to build the blockchain of property: Another day, another blockchain. This time K\xe2\x80\xa6 https://t.co/QTkHvmmeog'"
2018-07-18 19:55:24,b'Knotel acquires 42Floors in order to build the blockchain of property #InformationTechnology #TechNews https://t.co/vypWVRQEWK'
2018-07-18 19:54:37,b'Knotel acquires 42Floors in order to build the blockchain of property https://t.co/xFpNQCiV1f https://t.co/cazjOwCAej'
2018-07-18 19:47:27,b'Knotel acquires 42Floors in order to build the blockchain of property https://t.co/CwljEdgCEe'
2018-07-18 19:45:07,b'Knotel acquires 42Floors in order to build the blockchain of property https://t.co/8VbvzAVjRh https://t.co/IaEKPy7bWr'
2018-07-18 19:41:08,b'Knotel acquires 42Floors in order to build the blockchain of property https://t.co/OLFIZIoXSB https://t.co/Jm2dGJAruv'
2018-07-18 19:41:08,b'Knotel acquires 42Floors in order to build the blockchain of property https://t.co/irbgqGvjIw #blockchain #google #news #blockchain'
2018-07-18 19:41:04,b'Knotel acquires 42Floors in order to build the blockchain of property https://t.co/6BOPuOIaid https://t.co/e2upAMC8P7'
2018-07-18 19:40:42,b'Knotel acquires 42Floors in order to build the blockchain of property https://t.co/z8na6jaYnD https://t.co/aonBAXXqGk'
2018-07-18 19:37:05,b'Knotel acquires 42Floors in order to build the blockchain of property https://t.co/aIjrOJlM24 https://t.co/dN3aC0jEk5'
2018-07-18 19:36:53,b'Knotel acquires 42Floors in order to build the blockchain of property https://t.co/8KmCeLtKby https://t.co/5OV3Lgz1nK'
2018-07-18 19:35:03,b'Knotel acquires 42Floors in order to build the blockchain of property https://t.co/XV6gjkRiVX https://t.co/UY9BLrI4AT'
2018-07-18 19:33:20,b'Knotel acquires 42Floors in order to build the blockchain of property https://t.co/6gGmrNDqMo #blockchain #fintech https://t.co/hG0lzo75pD'
2018-07-18 19:22:58,"b""@knotel Hello! Happy to see you also in the 'Business Apps-Sftwr' list. Nice to meet you :)"""
2018-07-18 19:02:22,b'Knotel acquires 42Floors in order to build the blockchain of property https://t.co/dhPdws03Id #Technology #technews #puledo_tech_update'
2018-07-18 19:01:56,b'Knotel acquires 42Floors in order to build the blockchain of... https://t.co/Oo0FACN1C6 https://t.co/MnCBSqsohC'
2018-07-18 19:01:07,b'RT @LatticeHQ: What do @knotel and @Hustle have in common? They\xe2\x80\x99re both featured on our next webinar with @Greenhouse next week! Register t\xe2\x80\xa6'
2018-07-18 18:52:48,b'Knotel acquires 42Floors in order to build the blockchain of property https://t.co/RA9ouQbNCN by @johnbiggs ^@TechCrunch'
2018-07-18 18:49:00,b'Knotel acquires 42 Floors in order to build the blockchain of property https://t.co/WuB3qKmCar #tech #realestate #blockchain'
2018-07-18 18:24:57,b'RT @TechCrunch: Knotel acquires 42Floors in order to build the blockchain of property https://t.co/Ii3PyHNH7q by @johnbiggs'
2018-07-18 18:21:02,b'Knotel acquires 42Floors in order to build the blockchain of property https://t.co/Abk7HGUcWA have a look on this R\xe2\x80\xa6 https://t.co/HYb7qZo60m'
2018-07-18 17:59:10,b'RT @launchticker: Co-working rental space company Knotel acquires commercial real estate search platform 42Floors - https://t.co/Ai6PPJ17zh'
2018-07-18 17:55:03,b'#Tech Knotel acquires 42Floors in order to build the blockchain of property https://t.co/n9QOJ6YkFK #Startup'
2018-07-18 17:50:11,b'Knotel acquires 42Floors in order to build the blockchain of property https://t.co/QQDiK36Lie #Startups #Tech #entrepreneurs'
2018-07-18 17:47:06,b'Knotel acquires 42Floors in order to build the blockchain of property https://t.co/aw3b0diOLc via @flipboard'
2018-07-18 17:45:59,b'Knotel acquires 42Floors in order to build the blockchain of property https://t.co/XnGEaXe3wT #Startups #Tech #entrepreneurs'
2018-07-18 17:44:48,b'Co-working rental space company Knotel acquires commercial real estate search platform 42Floors - https://t.co/Ai6PPJ17zh'
2018-07-18 17:43:55,"b'While we welcome vegetarians and vegans with open arms, and always provide inclusive options, our core value is tha\xe2\x80\xa6 https://t.co/pLAwNqelx2'"
2018-07-18 17:39:03,b'Knotel acquires #42Floors in order to build the #blockchain of property https://t.co/wkiVkliLI9 https://t.co/PUqF9kzQ5m'
2018-07-18 17:33:16,b'RT @TechCrunch: Knotel acquires 42Floors in order to build the blockchain of property https://t.co/Ii3PyHNH7q by @johnbiggs'
2018-07-18 17:32:57,"b'Knotel acquires 42Floors in order to build the blockchain of property | Another day, another blockchain. This time\xe2\x80\xa6 https://t.co/e0M8wOQ6oU'"
2018-07-18 17:32:46,"b'Knotel acquires 42Floors in order to build the blockchain of property | Another day, another blockchain. This time\xe2\x80\xa6 https://t.co/6UAsKoOmdu'"
2018-07-18 17:27:36,"b'Meat-reduction is great for people and the planet. Way to put the health of your team and planet first, @Wework!\xe2\x80\xa6 https://t.co/yQsN7ZY3vH'"
2018-07-18 17:10:36,b'Knotel acquires 42Floors in order to build the blockchain of property https://t.co/nMu2BtlndK'
2018-07-18 17:03:35,b'Knotel acquires 42Floors in order to build the blockchain of property https://t.co/sPcVZ55zIr'
2018-07-18 17:03:06,b'Knotel acquires 42Floors in order to build the blockchain of property https://t.co/qV9lW6jt1R @JotaGe2014 https://t.co/Hg9zSdkj2K'
2018-07-18 17:02:11,b'New post (Knotel acquires 42Floors in order to build the blockchain of property) has been published on TechNew ... - https://t.co/BIOqgdJLhH'
2018-07-18 17:01:20,b'Knotel acquires 42Floors in order to build the blockchain of property https://t.co/RsIkWULH0l'
2018-07-18 17:01:05,b'Knotel acquires 42Floors in order to build the blockchain of property - https://t.co/7wXV5dvqOV  #Tech https://t.co/yLrSoEZQ4A'
2018-07-18 17:00:07,b'Knotel acquires 42Floors in order to build the blockchain of property https://t.co/OlWeZ8ey5h https://t.co/8eTeOQ2jYD'
2018-07-18 16:54:55,"b'Knotel acquires 42Floors in order to build the blockchain of propertyAnother day, another blockchai https://t.co/0GBgttaI8p'"
2018-07-18 16:54:04,b'Knotel acquires 42Floors in order to build the blockchain of property https://t.co/aQLVpdTPwn https://t.co/USOnjv60Fm'
2018-07-18 16:53:05,b'Knotel acquires 42Floors in order to build the blockchain of property \xe2\x80\x93 TechCrunch https://t.co/U8ocCLeoiz'
2018-07-18 16:52:24,b'Knotel acquires 42Floors in order to build the blockchain of property https://t.co/KetQzzfgVg via @TechCrunch\xe2\x80\xa6 https://t.co/tFovYF9kvP'
2018-07-18 16:51:43,b'Knotel acquires 42Floors in order to build the blockchain of property https://t.co/bvSAXQPGHs https://t.co/h5nJCHyePE'
2018-07-18 16:51:40,b'Knotel acquires 42Floors in order to build the blockchain of\xc2\xa0property https://t.co/U9HvSaGFIQ'
2018-07-18 16:51:23,b'Knotel acquires 42Floors in order to build the blockchain of property \xe2\x80\x93\xc2\xa0BerTTon https://t.co/4f4pMesakd'
2018-07-18 16:49:22,b'Knotel acquires 42Floors in order to build the blockchain of property https://t.co/XlWmZnJktL #tech #startup https://t.co/fQtFlTlFC6'
2018-07-18 16:49:11,"b'Knotel acquires 42Floors in order to build the blockchain of property https://t.co/rciVMMnybY\n\nAnother day, another\xe2\x80\xa6 https://t.co/robYb9iZmZ'"
2018-07-18 16:47:59,b'Knotel acquires 42Floors in order to build the blockchain of property https://t.co/LflaNPRcNo https://t.co/cPXbvr7goY'
2018-07-18 16:46:22,b'Knotel acquires 42Floors in order to build the blockchain of propertyhttp://feedproxy.google.com/~r/techcrunch/star\xe2\x80\xa6 https://t.co/dpiQEFRtpx'
2018-07-18 16:44:43,b'Knotel acquires 42Floors in order to build the blockchain of property https://t.co/HtoSBH8ahA https://t.co/2qJkGtDJje'
2018-07-18 16:44:36,b'RT @TechCrunch: Knotel acquires 42Floors in order to build the blockchain of property https://t.co/Ii3PyHNH7q by @johnbiggs'
2018-07-18 16:44:27,b'Knotel acquires 42Floors in order to build the blockchain of property #startups #news https://t.co/JADHY0vGAM'
2018-07-18 16:43:42,b'Knotel acquires 42Floors in order to build the blockchain of property https://t.co/7fjtK1sWLN #news #Techcrunch #Technology'
2018-07-18 16:42:15,b'Knotel acquires 42Floors in order to build the blockchain of property - https://t.co/uxoECUYnH4 #AngelNews #startup'
2018-07-18 16:42:09,b'Knotel acquires 42Floors in order to build the blockchain of property via Tech Crunch (https://t.co/89cLbpsAMM) https://t.co/Vu4hb3KZZo'
2018-07-18 16:42:04,b'Techcrunch: Knotel acquires 42Floors in order to build the blockchain of property https://t.co/0WoG7IIPXE https://t.co/HgOOe8FoxN'
2018-07-18 16:41:47,"b'Knotel acquires 42Floors in order to build the blockchain of property Another day, another blockchain. This time Kn\xe2\x80\xa6 https://t.co/QnzjZg0dLU'"
2018-07-18 16:41:46,b'Knotel acquires 42Floors in order to build the blockchain of property https://t.co/CJof6i9vB8'
2018-07-18 16:40:32,b'Knotel acquires 42Floors in order to build the blockchain of property | #VentureCanvas - https://t.co/IGFgp36WIp'
2018-07-18 16:39:29,"b'RT TechCrunch ""Knotel acquires 42Floors in order to build the blockchain of property https://t.co/CkzQ70cDIe by johnbiggs""'"
2018-07-18 16:39:13,b'Knotel acquires 42Floors in order to build the blockchain of property https://t.co/k1VPoVeCz9 #startup'
2018-07-18 16:39:09,b'#techcrunch #startup Knotel acquires 42Floors in order to build the blockchain of property https://t.co/siGt2Tdy49 https://t.co/dVZPoo6bRE'
2018-07-18 16:39:01,b'[TECHCRUNCH] Knotel acquires 42Floors in order to build the blockchain of property https://t.co/yg9STFvaAA'
2018-07-18 16:38:31,b'Knotel acquires 42Floors in order to build the blockchain of property https://t.co/zQbxyYt22n'
2018-07-18 16:38:26,b'Knotel acquires 42Floors in order to build the blockchain of property https://t.co/uXOKJKsls2'
2018-07-18 16:38:23,b'Knotel acquires 42Floors in order to build the blockchain of property https://t.co/Wryg9ESMsX'
2018-07-18 16:38:20,b'Knotel acquires 42Floors in order to build the blockchain of property https://t.co/NRTpvmp9NQ #OPSItalia'
2018-07-18 16:38:19,b'Knotel acquires 42Floors in order to build the blockchain of property https://t.co/PNTWAnhXBo'
2018-07-18 16:38:19,b'TC Startup news:Knotel acquires 42Floors in order to build the blockchain of property https://t.co/KYBiDYrEx6'
2018-07-18 16:38:18,b'New TechCrunch Article: Knotel acquires 42Floors in order to build the blockchain of property https://t.co/kyL97I5oTS'
2018-07-18 16:38:13,b'Knotel acquires 42Flooring in order to build the blockchain of property \xe2\x80\x93\xc2\xa0TechCrunch https://t.co/5pgdlUkNv2 https://t.co/3nngotlU75'
2018-07-18 16:38:12,"b'Knotel acquires 42Floors in order to build the blockchain of property\n\nAnother day, another blockchain. This time K\xe2\x80\xa6 https://t.co/dkJpifSlAo'"
2018-07-18 16:38:12,"b'""Knotel acquires 42Floors in order to build the blockchain of property"" https://t.co/Yb1b7fpqdQ'"
2018-07-18 16:38:12,b'Knotel acquires 42Floors in order to build the blockchain of property https://t.co/I5JlHTImaW'
2018-07-18 16:38:08,b'Knotel acquires 42Flooring in order to build the blockchain of property \xe2\x80\x93\xc2\xa0TechCrunch https://t.co/d5ucwCGyDW https://t.co/0Ziq4HDQf0'
2018-07-18 16:38:07,b'Knotel acquires 42Floors in order to build the blockchain of property https://t.co/23whpj2qiS'
2018-07-18 16:38:03,b'Knotel acquires 42Floors in order to build the blockchain of property https://t.co/rw1juO4TOV #startups #entrepreneurship via John Biggs'
2018-07-18 16:38:02,b'Knotel acquires 42Floors in order to build the blockchain of property https://t.co/piLypR9aZt'
2018-07-18 16:38:01,b'Knotel acquires 42Floors in order to build the blockchain of property https://t.co/LhYPdvsMiY #cryptocurrencies #JasonFreedman #SanFrancisco'
2018-07-18 16:37:39,b'Knotel acquires 42Floors in order to build the blockchain of property https://t.co/zLtLYedjFa'
2018-07-18 16:37:35,b'#SmallBiz #News #Blog ; https://t.co/7y4ihZLlE0 --- Knotel acquires 42Floors in order to build the blockchain of pr\xe2\x80\xa6 https://t.co/0J0pNacBNp'
2018-07-18 16:37:35,b'Knotel acquires 42Floors in order to build the blockchain of property https://t.co/LjtboB041w'
2018-07-18 16:37:24,b'Knotel acquires 42Floors in order to build the blockchain of property https://t.co/0T0vHfQgQu #startup'
2018-07-18 16:37:19,b'Knotel acquires 42Floors in order to build the blockchain of property https://t.co/cb6kwvImUt'
2018-07-18 16:37:17,b'Knotel acquires 42Floors in order to build the blockchain of property https://t.co/gM7gh6Ifqf'
2018-07-18 16:37:15,b'https://t.co/uXDQhLQ7Tv acquires 42Floors in order to build the blockchain of property https://t.co/O9mxye1GNZ'
2018-07-18 16:37:12,b'Knotel acquires 42Floors in order to build the blockchain of property https://t.co/4d0955NIUx'
2018-07-18 16:37:09,b'Knotel acquires 42Floors in order to build the blockchain of property https://t.co/TSvHVqCEaf #startups'
2018-07-18 16:37:07,b'Knotel acquires 42Floors in order to build the blockchain of property https://t.co/mnNQ7AjfoU #startups'
2018-07-18 16:37:05,b'Knotel acquires 42Floors in order to build the blockchain of property https://t.co/rPFzjZtPmf | #business\n\nAnother\xe2\x80\xa6 https://t.co/H7SXISCg1V'
2018-07-18 16:37:02,b'Knotel acquires 42Floors in order to build the blockchain of property https://t.co/3osWO5NHa4'
2018-07-18 16:36:51,b'Knotel acquires 42Floors in order to build the blockchain of property https://t.co/Xdw4dMxpvX #startups'
2018-07-18 16:36:32,b'Knotel acquires 42Floors in order to build the blockchain of property https://t.co/eqJoQhtQf2 #Startup'
2018-07-18 16:36:31,"b'my repost, see you ...Knotel acquires 42Floors in order to build the blockchain of property https://t.co/ZIqLBPA5Kx https://t.co/aisTTkq5wS'"
2018-07-18 16:36:29,b'Knotel acquires 42Floors in order to build the blockchain of property https://t.co/j41mAPb2N2\xe2\x80\xa6 https://t.co/IJ7GWn7rva'
2018-07-18 16:36:27,b'Knotel acquires 42Floors in order to build the blockchain of property https://t.co/EKqX5Z4U6i'
2018-07-18 16:36:26,b'Knotel acquires 42Floors in order to build the blockchain of\xc2\xa0property https://t.co/5NU9pxFpXx'
2018-07-18 16:36:26,b'Knotel acquires 42Floors in order to build the blockchain of property #TechCrunch-Startups https://t.co/aHjc9VrQAn'
2018-07-18 16:36:23,b'Knotel acquires 42Floors in order to build the blockchain of property https://t.co/5dGIEwE63S'
2018-07-18 16:36:23,b'Knotel acquires 42Floors in order to build the blockchain of property https://t.co/OX98OFiKT0'
2018-07-18 16:36:17,b'Knotel acquires 42Floors in order to build the blockchain of property #startup #marketing #business #creativelysmart https://t.co/0W5O7Bj8e9'
2018-07-18 16:36:13,b'Knotel acquires 42Floors in order to build the blockchain of property https://t.co/2ByBsnyHme .... what do you think of this?'
2018-07-18 16:36:09,b'Knotel acquires 42Floors in order to build the blockchain of property https://t.co/6F95y1zLRS'
2018-07-18 16:36:06,b'Knotel acquires 42Floors in order to build the blockchain of property https://t.co/JtkBcRIl9m'
2018-07-18 16:36:02,b'Knotel acquires 42Floors in order to build the blockchain of property https://t.co/oB9RQaJuYf #startups\n\nAnother da\xe2\x80\xa6 https://t.co/vFkfjAyBsc'
2018-07-18 16:35:54,b'Knotel acquires 42Floors in order to build the blockchain of property \xe2\x80\x93\xc2\xa0TechCrunch https://t.co/ATDAXKbbiE https://t.co/jNbdo2awfA'
2018-07-18 16:35:47,b'Knotel acquires 42Floors in order to build the blockchain of property https://t.co/VruIiz2hMA'
2018-07-18 16:35:44,b'Knotel acquires 42Floors in order to build the blockchain of property | #VentureCanvas - https://t.co/JxI6QyKNwe'
2018-07-18 16:35:43,b'Knotel acquires 42Floors in order to build the blockchain of property https://t.co/rEoPb8Ta0C'
2018-07-18 16:35:42,b'Knotel acquires 42Floors in order to build the blockchain of property https://t.co/dhIyj7XHVb via @techmedy\xe2\x80\xa6 https://t.co/Rd1eq0w8L0'
2018-07-18 16:35:40,b'Knotel acquires 42Floors in order to build the blockchain of property https://t.co/yLS7XcS0VX #startups'
2018-07-18 16:35:39,b'Knotel acquires 42Floors in order to build the blockchain of property https://t.co/T2HCyFC8oW https://t.co/EYVC3RRjK8'
2018-07-18 16:35:37,b'Knotel acquires 42Floors in order to build the blockchain of property https://t.co/Gol7l38p8H'
2018-07-18 16:35:37,b'Knotel acquires 42Floors in order to build the blockchain of property https://t.co/OZzYBYeHgK #startup https://t.co/PidTUkJ1Fi'
2018-07-18 16:35:31,b'Knotel acquires 42Floors in order to build the blockchain of property https://t.co/7ipEZUQyJn'
2018-07-18 16:35:31,b'Knotel acquires 42Floors in order to build the blockchain of property https://t.co/C9Z2BM4M80'
2018-07-18 16:35:29,"b'Techcrunch ""Knotel acquires 42Floors in order to build the blockchain of property"" https://t.co/NpZoEOLZ7m #News #Technology'"
2018-07-18 16:35:28,b'Knotel acquires 42Floors in order to build the blockchain of property https://t.co/LXr3MySqQQ'
2018-07-18 16:35:27,b'Knotel acquires 42Floors in order to build the blockchain of property https://t.co/3JyAstrY9Q #bitcoin #blockchain #fintech'
2018-07-18 16:35:23,b'Knotel acquires 42Floors in order to build the blockchain of property - https://t.co/7zjnSisE6H https://t.co/TRRCVly2H6'
2018-07-18 16:35:22,"b'Knotel acquires 42Floors in order to build the blockchain of property, https://t.co/VcmCNKudQA'"
2018-07-18 16:35:19,b'Knotel acquires 42Floors in order to build the blockchain of property https://t.co/VafmWgkj0M'
2018-07-18 16:35:18,b'Knotel acquires 42Floors in order to build the blockchain of property https://t.co/TjY0L8RhRD #TechCrunch https://t.co/34A7GgeGWj'
2018-07-18 16:35:17,b'Knotel acquires 42Floors in order to build the blockchain of property https://t.co/57lUMX0kSv'
2018-07-18 16:35:17,b'Knotel acquires 42Floors in order to build the blockchain of property https://t.co/GnOGwQcNru #business #startup'
2018-07-18 16:35:15,b'Knotel acquires 42Floors in order to build the blockchain of property https://t.co/IdggGb5Xc0 https://t.co/DGrKYb0U6h'
2018-07-18 16:35:13,b'Knotel acquires 42Floors in order to build the blockchain of property https://t.co/F1g35RPRUj'
2018-07-18 16:35:12,b'Knotel acquires 42Floors in order to build the blockchain of property https://t.co/djDaiW8l6m'
2018-07-18 16:35:12,b'Knotel acquires 42Floors in order to build the blockchain of property https://t.co/Z3Nf8EYS7B #startups'
2018-07-18 16:35:06,b'Knotel acquires 42Floors in order to build the blockchain of property https://t.co/K5osLNfx4h'
2018-07-18 16:35:01,b'RT @TechCrunch: Knotel acquires 42Floors in order to build the blockchain of property https://t.co/Ii3PyHNH7q by @johnbiggs'
2018-07-18 16:34:45,b'#start up: Knotel acquires 42Floors in order to build the blockchain of property https://t.co/rCuFtsivKk'
2018-07-18 16:34:42,b'Knotel acquires 42Floors in order to build the blockchain of property #startup #startupvic https://t.co/QaCRin1YaF'
2018-07-18 16:34:40,b'Knotel acquires 42Floors in order to build the blockchain of\xc2\xa0property https://t.co/07BrMglv4y'
2018-07-18 16:34:40,b'Knotel acquires 42Floors in order to build the blockchain of property - TechCrunch https://t.co/f47W6948Ew'
2018-07-18 16:34:37,b'Knotel acquires 42Floors in order to build the blockchain of property https://t.co/2QSC7skAJG https://t.co/dNVncER1tB'
2018-07-18 16:34:32,b'Knotel acquires 42Floors in order to build the blockchain of property - https://t.co/z4PjS1gOTQ https://t.co/b5LnqvQKgU'
2018-07-18 16:34:27,b'Knotel acquires 42Floors in order to build the blockchain of property https://t.co/cJQGNwkLMh #startup #MBADMB'
2018-07-18 16:34:27,b'#startups Knotel acquires 42Floors in order to build the blockchain of property https://t.co/1JjMoSVlcN'
2018-07-18 16:34:24,b'Knotel acquires 42Floors in order to build the blockchain of property https://t.co/6aqXuE1lb3'
2018-07-18 16:34:22,b'#techcrunch #startup Knotel acquires 42Floors in order to build the blockchain of property https://t.co/cZZ1zHLjOO https://t.co/X8nCgOsbmi'
2018-07-18 16:34:19,b'Knotel acquires 42Floors in order to build the blockchain of property https://t.co/sSoWyCAE8j'
2018-07-18 16:34:17,b'Knotel acquires 42Floors in order to build the blockchain of property https://t.co/oulE8cPbQt'
2018-07-18 16:34:17,b'Knotel acquires 42Floors in order to build the blockchain of property https://t.co/0BVAP4taC6 #Startup #TechCrunch'
2018-07-18 16:34:16,b'Knotel acquires 42Floors in order to build the blockchain of property https://t.co/Y4eCL7lkQv'
2018-07-18 16:34:16,b'Knotel acquires 42Floors in order to build the blockchain of property https://t.co/mPAfXQAYPO'
2018-07-18 16:34:15,"b'Knotel acquires 42Floors in order to build the blockchain of property\n\nAnother day, another blockchain. This time K\xe2\x80\xa6 https://t.co/CVLUejWFT2'"
2018-07-18 16:34:13,"b'""Knotel acquires 42Floors in order to build the blockchain of property"" https://t.co/expzNHPLKd'"
2018-07-18 16:34:10,b'Knotel acquires 42Floors in order to build the blockchain of property https://t.co/tcoVuGkwUL'
2018-07-18 16:34:10,b'Knotel acquires 42Floors in order to build the blockchain of property https://t.co/Ups0Fc4ntM'
2018-07-18 16:34:07,b'Knotel acquires 42Floors in order to build the blockchain of property        https://t.co/JKRoq95rhk'
2018-07-18 16:34:06,b'Knotel acquires 42Floors in order to build the blockchain of property #startup #marketing #business #creativelysmart https://t.co/ok6CsngLQl'
2018-07-18 16:33:59,b'RT @TechCrunch: Knotel acquires 42Floors in order to build the blockchain of property https://t.co/Ii3PyHNH7q by @johnbiggs'
2018-07-18 16:33:47,b'Knotel acquires 42Floors in order to build the blockchain of property https://t.co/01nymUNvbW #business #startup #tech #marketing'
2018-07-18 16:33:36,b'Knotel acquires 42Floors in order to build the blockchain of property https://t.co/aLxFpoqBhG'
2018-07-18 16:33:31,b'Knotel acquires 42Floors in order to build the blockchain of property https://t.co/Ln84R9SE9u #growcyber'
2018-07-18 16:33:30,b'Knotel acquires 42Floors in order to build the blockchain of property https://t.co/kyzO2Ax5DL'
2018-07-18 16:33:29,"b'Knotel acquires 42Floors in order to build the blockchain of property https://t.co/p5uhQyhcHt\n\nAnother day, another\xe2\x80\xa6 https://t.co/TVFpG4LqIV'"
2018-07-18 16:33:29,b'Knotel acquires 42Floors in order to build the blockchain of property https://t.co/QMpHNbA7OV'
2018-07-18 16:33:24,"b'""Knotel acquires 42Floors in order to build the blockchain of property"" https://t.co/wzr5N8BCwU John Biggs #Technology #Techcrunch'"
2018-07-18 16:33:18,b'Knotel acquires 42Floors in order to build the blockchain of property https://t.co/X8WHdUlXmq'
2018-07-18 16:33:13,b'Knotel acquires 42Floors in order to build the blockchain of property https://t.co/9UVHJGfqIz https://t.co/SgxWJKj6UV'
2018-07-18 16:33:13,b'Knotel acquires 42Floors in order to build the blockchain of property https://t.co/TC2br4buGy https://t.co/j9teYhiBsm'
2018-07-18 16:33:13,b'Knotel acquires 42Floors in order to build the blockchain of property https://t.co/hsH619QXSe #startups'
2018-07-18 16:33:13,b'Obsess https://t.co/x0y8wnR5gB Knotel acquires 42Floors in order to build the blockchain of property\xe2\x80\xa6 https://t.co/ffqo6JueeI'
2018-07-18 16:33:12,"b'Knotel acquires 42Floors in order to build the blockchain of property\n\nAnother day, another blockchain. This time K\xe2\x80\xa6 https://t.co/NQbghDqBDq'"
2018-07-18 16:32:57,b'Knotel acquires 42Floors in order to build the blockchain of property #xibyte #betterwebcarrier #XiByteNews\xe2\x80\xa6 https://t.co/rN09LPPKYQ'
